﻿Designator,Footprint,Quantity,Value,LCSC Part #
"D0, D1, D10, D11, D16, D17, D18, D19, D2, D20, D21, D22, D23, D24, D25, D26, D27, D3, D32_3, D32_2, D32, D33, D34, D35, D36, D37, D38, D39, D4, D40, D41, D42, D43, D44_2, D44, D48, D49, D5, D50, D51, D52, D53, D54, D55, D56, D57, D58, D59, D6, D64, D65, D66, D67, D68, D69_3, D69_2, D69, D7, D70_2, D70, D71, D72, D73, D74, D75, D8, D9",D_SOD-123F_3,67,D,
K0,SW_Cherry_Choc5_MX_1.00u_PCB_LED,1,Blank,
"K1, K10, K11, K2, K3, K4, K5, K6, K7, K8, K9",SW_Cherry_Choc5_MX_1.00u_PCB_LED_3D2_MX,11,Blank,
K16,SW_Cherry_Choc5_MX_1.00u_PCB,1,Blank,
"K17, K18, K19, K20, K21, K22, K23, K24, K25, K26, K27, K32, K33, K34, K35, K36, K37, K38, K39, K40, K41, K42, K43, K44_2, K44, K48, K49, K50, K51, K52, K53, K54, K55, K56, K57, K58, K59, K60_2, K60, K64, K65, K66, K67, K68, K69_2, K69, K70_2, K70, K71, K72, K73, K74, K75",SW_Cherry_Choc5_MX_1.00u_PCB_3D,53,Blank,
Reset,PinHeader_1x02_P1.00mm_Vertical,1,PinHeader_1x02_P1.00mm_Vertical,
RotEnc,RotaryEncoder_EC11,1,RotaryEncoder_EC11,
"TH3_10, TH3_9, TH3_8, TH3_7, TH3_6, TH3_5, TH3_4, TH3_3, TH3_2, TH3",HOLE_M2_TH,10,HOLE,
pico,RPi_Pico_SMD_TH,1,,
