﻿Designator,Footprint,Quantity,Value,LCSC Part #
"C1, C4, CBP1",0402,3,10uf 0402, 
"C10, C102",0402,2,2.2uF 0402, 
"C11, C13, C14, C15, C16, C18, C5, C6, C7, C8",0402,10,100nf 0402, 
"C19, C2",0402,2,22pf 0402, 
C3,0402,1,1uf 0402, 
C9,0805,1,0.1uf,
"D0, D1, D10, D11, D12, D13, D14, D15, D16, D17, D18, D19, D2, D20, D21, D22, D23, D24, D25, D26, D27, D28, D29, D3, D30, D31, D32, D33, D34, D35, D36, D37, D38, D39, D4, D40, D41, D42, D43, D44, D45, D46, D47, D48, D49, D5, D50, D51, D52, D53, D54, D55, D56, D57, D58, D59, D6, D60, D61, D62, D63, D64, D65, D66, D67, D68, D69, D7, D70, D71, D72, D73, D74, D75, D76, D8, D9",D_SOD-123F,77,D,
D100,D_SOD-123,1,schottky 1N5817W, 
DLED1,0402,1,LED,
F1,0805,1,0805L050WR,
FB1,0402,1,FerriteBead 0402,
FLASH1,SON-8-1EP_3x2mm_P0.5mm_EP1.4x1.6mm,1,W25Q16JVUXIQ,
"H1, H10, H11, H12, H2, H3_6, H3_5, H3_4, H3_3, H3_2, H3, H4, H5, H6, H7, H8, H9",MountingHole_2.2mm_M2_Pad-Mod,17,MountingHole,
J2,SW_Push_SPST_NO_Alps_SKRK,1,Button, 
J5,PinHeader_1x03_P1.00mm_Vertical,1,Conn_01x03_Male, 
"K0, K1, K10, K11, K12, K13, K14, K15, K16, K17, K18, K19, K2, K20, K21, K22, K23, K24, K25, K26, K27, K28, K29, K3, K30, K31, K32, K33, K34, K35, K36, K37, K38, K39, K4, K40, K41, K42, K43, K44, K45, K46, K47, K48, K49, K5, K50, K51, K52, K53, K54, K55, K56, K57, K58, K59, K6, K60, K61, K62, K63, K64, K65, K66, K67, K68, K69, K7, K70, K71, K72, K73, K74, K75, K76, K8, K9",SW_Cherry_Choc3_MX_1.00u_PCB,77,Blank,
"R1, R11",0402,2,1K 0402, 
R2,0402,1,10K 0402,  
"R3, R4",0402,2,27r 0402 resistor, 
"R5, R6",0805,2,5.1K 0402, 
R7,0402,1,100K 0402, 
R8,0805,1,330r,
R9,0402,1,62ohm 0402, 
RSW1,SW_Push_SPST_NO_Alps_SKRK,1,TSA343G00-250J2,
U1,SOT-23-5,1,SOT-23-5 5.5V 3.3V 500mA, 
U3,RP2040-QFN-56,1,RP2040, C2040
USB1,USB_C_TYPE-C-31-M-14,1,TYPE-C-31-M-14,C319148
Y1,Crystal_SMD_3225-4Pin_3.2x2.5mm,1,3225_4P 12MHz, 
"stab1, stab2, stab3, stab4, stab6, stab7, stab8, stab9",Stabilizer_Cherry_MX_2u,8,MountingHole,
stab101,Stabilizer_Cherry_MX_7u,1,MountingHole,
stab5,Stabilizer_Cherry_MX_6.25u,1,MountingHole,
