﻿designator,quantity,value,pack,mpn,mount_type
"D0, D1, D10, D11, D16, D17, D18, D19, D2, D20, D21, D22, D23, D24, D25, D26, D27, D3, D32, D32, D32, D33, D34, D35, D36, D37, D38, D39, D4, D40, D41, D42, D43, D44, D44, D48, D49, D5, D50, D51, D52, D53, D54, D55, D56, D57, D58, D59, D6, D64, D65, D66, D67, D68, D69, D69, D69, D7, D70, D70, D71, D72, D73, D74, D75, D8, D9",67,D,Diode_THT_SOD123F_FIXED6,,tht
"K0, K1, K10, K11, K2, K3, K4, K44, K5, K6, K60, K69, K69, K7, K70, K70, K8, K9",18,Blank,SW_Cherry_Choc5_MX_1.00u_PCB_LED_SQUAREHOLE,,tht
"K16, K17, K18, K19, K20, K21, K22, K23, K24, K25, K26, K27, K32, K33, K34, K35, K36, K37, K37, K38, K39, K40, K41, K42, K43, K44, K48, K49, K50, K51, K52, K53, K54, K55, K56, K57, K58, K59, K60, K64, K65, K66, K67, K68, K71, K72, K73, K74, K75",49,Blank,SW_Cherry_Choc5_MX_1.00u_PCB_3D,,tht
RESET,1,PinHeader_1x02_P1.00mm_Vertical,PinHeader_1x02_P1.00mm_Vertical,,tht
RotEnc,1,RotaryEncoder_EC11,RotaryEncoder_EC11,,tht
"TH3, TH3, TH3, TH3, TH3, TH3, TH3, TH3, TH3, TH3",10,HOLE,HOLE_M2_TH,,tht
pico,1,,RPi_Pico_SMD_TH,,tht
