﻿pos_x,pos_y,rotation,side,designator,mpn,pack,value,mount_type,place
66.27055,-80.044898,-105.0,bottom,D0,,Diode_THT_SOD123F_FIXED6,D,tht,True
85.060002,-83.52526,-105.0,bottom,D1,,Diode_THT_SOD123F_FIXED6,D,tht,True
298.974089,-88.52923,-75.0,bottom,D10,,Diode_THT_SOD123F_FIXED6,D,tht,True
317.76354,-85.048865,-75.0,bottom,D11,,Diode_THT_SOD123F_FIXED6,D,tht,True
61.288732,-98.540746,-105.0,bottom,D16,,Diode_THT_SOD123F_FIXED6,D,tht,True
78.83306,-106.157411,-105.0,bottom,D17,,Diode_THT_SOD123F_FIXED6,D,tht,True
99.277364,-103.996838,-105.0,bottom,D18,,Diode_THT_SOD123F_FIXED6,D,tht,True
118.063273,-107.465893,-105.0,bottom,D19,,Diode_THT_SOD123F_FIXED6,D,tht,True
104.01385,-85.435256,-105.0,bottom,D2,,Diode_THT_SOD123F_FIXED6,D,tht,True
136.079067,-113.882666,-105.0,bottom,D20,,Diode_THT_SOD123F_FIXED6,D,tht,True
152.876214,-124.289006,-105.0,bottom,D21,,Diode_THT_SOD123F_FIXED6,D,tht,True
230.2447,-125.18689,-75.0,bottom,D22,,Diode_THT_SOD123F_FIXED6,D,tht,True
248.986591,-123.099423,-75.0,bottom,D23,,Diode_THT_SOD123F_FIXED6,D,tht,True
266.0094,-112.461389,-75.0,bottom,D24,,Diode_THT_SOD123F_FIXED6,D,tht,True
284.807568,-108.989047,-75.0,bottom,D25,,Diode_THT_SOD123F_FIXED6,D,tht,True
303.994492,-107.016595,-75.0,bottom,D26,,Diode_THT_SOD123F_FIXED6,D,tht,True
323.703062,-107.530897,-75.0,bottom,D27,,Diode_THT_SOD123F_FIXED6,D,tht,True
123.011459,-89.095624,-105.0,bottom,D3,,Diode_THT_SOD123F_FIXED6,D,tht,True
35.50632,-121.27957,-105.0,bottom,D32,,Diode_THT_SOD123F_FIXED6,D,tht,True
165.150223,-152.85996,-105.0,bottom,D32,,Diode_THT_SOD123F_FIXED6,D,tht,True
56.112887,-116.875891,-105.0,bottom,D32,,Diode_THT_SOD123F_FIXED6,D,tht,True
75.147672,-120.421983,-105.0,bottom,D33,,Diode_THT_SOD123F_FIXED6,D,tht,True
94.346865,-122.397729,-105.0,bottom,D34,,Diode_THT_SOD123F_FIXED6,D,tht,True
113.13277,-125.866777,-105.0,bottom,D35,,Diode_THT_SOD123F_FIXED6,D,tht,True
131.148644,-132.258728,-105.0,bottom,D36,,Diode_THT_SOD123F_FIXED6,D,tht,True
149.155089,-138.6613,-105.0,bottom,D37,,Diode_THT_SOD123F_FIXED6,D,tht,True
234.951943,-143.625214,-75.0,bottom,D38,,Diode_THT_SOD123F_FIXED6,D,tht,True
252.9363,-137.250943,-75.0,bottom,D39,,Diode_THT_SOD123F_FIXED6,D,tht,True
141.027319,-95.48757,-105.0,bottom,D4,,Diode_THT_SOD123F_FIXED6,D,tht,True
270.939894,-130.862275,-75.0,bottom,D40,,Diode_THT_SOD123F_FIXED6,D,tht,True
289.73808,-127.389932,-75.0,bottom,D41,,Diode_THT_SOD123F_FIXED6,D,tht,True
308.924997,-125.417486,-75.0,bottom,D42,,Diode_THT_SOD123F_FIXED6,D,tht,True
327.71445,-121.937129,-75.0,bottom,D43,,Diode_THT_SOD123F_FIXED6,D,tht,True
219.007003,-157.778138,-75.0,bottom,D44,,Diode_THT_SOD123F_FIXED6,D,tht,True
348.651555,-126.229087,-75.0,bottom,D44,,Diode_THT_SOD123F_FIXED6,D,tht,True
51.413072,-135.325129,-105.0,bottom,D48,,Diode_THT_SOD123F_FIXED6,D,tht,True
70.202189,-138.80674,-105.0,bottom,D49,,Diode_THT_SOD123F_FIXED6,D,tht,True
159.033768,-101.890149,-105.0,bottom,D5,,Diode_THT_SOD123F_FIXED6,D,tht,True
89.386006,-140.815317,-105.0,bottom,D50,,Diode_THT_SOD123F_FIXED6,D,tht,True
108.20226,-144.267659,-105.0,bottom,D51,,Diode_THT_SOD123F_FIXED6,D,tht,True
126.218136,-150.659625,-105.0,bottom,D52,,Diode_THT_SOD123F_FIXED6,D,tht,True
144.22459,-157.062189,-105.0,bottom,D53,,Diode_THT_SOD123F_FIXED6,D,tht,True
239.882445,-162.026099,-75.0,bottom,D54,,Diode_THT_SOD123F_FIXED6,D,tht,True
257.888885,-155.62353,-75.0,bottom,D55,,Diode_THT_SOD123F_FIXED6,D,tht,True
275.870411,-149.263158,-75.0,bottom,D56,,Diode_THT_SOD123F_FIXED6,D,tht,True
294.668584,-145.790818,-75.0,bottom,D57,,Diode_THT_SOD123F_FIXED6,D,tht,True
313.855494,-143.818376,-75.0,bottom,D58,,Diode_THT_SOD123F_FIXED6,D,tht,True
332.399596,-140.403749,-75.0,bottom,D59,,Diode_THT_SOD123F_FIXED6,D,tht,True
225.027508,-106.753276,-75.0,bottom,D6,,Diode_THT_SOD123F_FIXED6,D,tht,True
64.207413,-161.276138,-105.0,bottom,D64,,Diode_THT_SOD123F_FIXED6,D,tht,True
84.492069,-159.176306,-105.0,bottom,D65,,Diode_THT_SOD123F_FIXED6,D,tht,True
103.287406,-162.634745,-105.0,bottom,D66,,Diode_THT_SOD123F_FIXED6,D,tht,True
121.293846,-169.037315,-105.0,bottom,D67,,Diode_THT_SOD123F_FIXED6,D,tht,True
138.042879,-179.45458,-105.0,bottom,D68,,Diode_THT_SOD123F_FIXED6,D,tht,True
161.103762,-181.850314,-120.0,bottom,D69,,Diode_THT_SOD123F_FIXED6,D,tht,True
180.613768,-193.698075,-135.0,bottom,D69,,Diode_THT_SOD123F_FIXED6,D,tht,True
198.783761,-160.118074,-90.0,bottom,D69,,Diode_THT_SOD123F_FIXED6,D,tht,True
242.985393,-100.362679,-75.0,bottom,D7,,Diode_THT_SOD123F_FIXED6,D,tht,True
224.843759,-191.376343,-60.0,bottom,D70,,Diode_THT_SOD123F_FIXED6,D,tht,True
208.235844,-207.230153,-45.0,bottom,D70,,Diode_THT_SOD123F_FIXED6,D,tht,True
244.829936,-180.454767,-75.0,bottom,D71,,Diode_THT_SOD123F_FIXED6,D,tht,True
263.752219,-178.205497,-75.0,bottom,D72,,Diode_THT_SOD123F_FIXED6,D,tht,True
280.803751,-167.650143,-75.0,bottom,D73,,Diode_THT_SOD123F_FIXED6,D,tht,True
299.596797,-164.16375,-75.0,bottom,D74,,Diode_THT_SOD123F_FIXED6,D,tht,True
318.788846,-162.205355,-75.0,bottom,D75,,Diode_THT_SOD123F_FIXED6,D,tht,True
260.743649,-94.039757,-75.0,bottom,D8,,Diode_THT_SOD123F_FIXED6,D,tht,True
279.787165,-90.501671,-75.0,bottom,D9,,Diode_THT_SOD123F_FIXED6,D,tht,True
78.080585,-82.500986,-15.0,top,K0,,SW_Cherry_Choc5_MX_1.00u_PCB_LED_SQUAREHOLE,Blank,tht,True
96.870038,-85.981349,-15.0,top,K1,,SW_Cherry_Choc5_MX_1.00u_PCB_LED_SQUAREHOLE,Blank,tht,True
310.498291,-84.693042,15.0,top,K10,,SW_Cherry_Choc5_MX_1.00u_PCB_LED_SQUAREHOLE,Blank,tht,True
329.290594,-81.198767,15.0,top,K11,,SW_Cherry_Choc5_MX_1.00u_PCB_LED_SQUAREHOLE,Blank,tht,True
73.140664,-100.912501,-15.0,top,K16,,SW_Cherry_Choc5_MX_1.00u_PCB_3D,Blank,tht,True
91.93012,-104.392857,-15.0,top,K17,,SW_Cherry_Choc5_MX_1.00u_PCB_3D,Blank,tht,True
111.129307,-106.368593,-15.0,top,K18,,SW_Cherry_Choc5_MX_1.00u_PCB_3D,Blank,tht,True
129.924641,-109.82703,-15.0,top,K19,,SW_Cherry_Choc5_MX_1.00u_PCB_3D,Blank,tht,True
116.059803,-87.967713,-15.0,top,K2,,SW_Cherry_Choc5_MX_1.00u_PCB_LED_SQUAREHOLE,Blank,tht,True
147.940499,-116.218978,-15.0,top,K20,,SW_Cherry_Choc5_MX_1.00u_PCB_3D,Blank,tht,True
165.946944,-122.621553,-15.0,top,K21,,SW_Cherry_Choc5_MX_1.00u_PCB_3D,Blank,tht,True
241.436498,-121.316037,15.0,top,K22,,SW_Cherry_Choc5_MX_1.00u_PCB_3D,Blank,tht,True
259.440097,-114.927387,15.0,top,K23,,SW_Cherry_Choc5_MX_1.00u_PCB_3D,Blank,tht,True
277.446554,-108.524814,15.0,top,K24,,SW_Cherry_Choc5_MX_1.00u_PCB_3D,Blank,tht,True
296.244724,-105.052474,15.0,top,K25,,SW_Cherry_Choc5_MX_1.00u_PCB_3D,Blank,tht,True
315.431636,-103.080021,15.0,top,K26,,SW_Cherry_Choc5_MX_1.00u_PCB_3D,Blank,tht,True
334.221093,-99.599659,15.0,top,K27,,SW_Cherry_Choc5_MX_1.00u_PCB_3D,Blank,tht,True
134.855147,-91.426137,-15.0,top,K3,,SW_Cherry_Choc5_MX_1.00u_PCB_LED_SQUAREHOLE,Blank,tht,True
68.210168,-119.313393,-15.0,top,K32,,SW_Cherry_Choc5_MX_1.00u_PCB_3D,Blank,tht,True
86.999609,-122.793741,-15.0,top,K33,,SW_Cherry_Choc5_MX_1.00u_PCB_3D,Blank,tht,True
106.208221,-124.758864,-15.0,top,K34,,SW_Cherry_Choc5_MX_1.00u_PCB_3D,Blank,tht,True
124.984721,-128.23854,-15.0,top,K35,,SW_Cherry_Choc5_MX_1.00u_PCB_3D,Blank,tht,True
143.000577,-134.630487,-15.0,top,K36,,SW_Cherry_Choc5_MX_1.00u_PCB_3D,Blank,tht,True
203.787205,-169.603617,0.0,top,K37,,SW_Cherry_Choc5_MX_1.00u_PCB_3D,Blank,tht,True
161.016449,-141.022438,-15.0,top,K37,,SW_Cherry_Choc5_MX_1.00u_PCB_3D,Blank,tht,True
246.366996,-139.716932,15.0,top,K38,,SW_Cherry_Choc5_MX_1.00u_PCB_3D,Blank,tht,True
264.370611,-133.328269,15.0,top,K39,,SW_Cherry_Choc5_MX_1.00u_PCB_3D,Blank,tht,True
152.871008,-97.818095,-15.0,top,K4,,SW_Cherry_Choc5_MX_1.00u_PCB_LED_SQUAREHOLE,Blank,tht,True
282.374203,-126.939611,15.0,top,K40,,SW_Cherry_Choc5_MX_1.00u_PCB_3D,Blank,tht,True
301.172377,-123.467259,15.0,top,K41,,SW_Cherry_Choc5_MX_1.00u_PCB_3D,Blank,tht,True
320.35929,-121.49481,15.0,top,K42,,SW_Cherry_Choc5_MX_1.00u_PCB_3D,Blank,tht,True
339.151592,-118.000548,15.0,top,K43,,SW_Cherry_Choc5_MX_1.00u_PCB_3D,Blank,tht,True
230.426978,-153.864259,15.0,top,K44,,SW_Cherry_Choc5_MX_1.00u_PCB_LED_SQUAREHOLE,Blank,tht,True
360.016024,-122.27819,15.0,top,K44,,SW_Cherry_Choc5_MX_1.00u_PCB_3D,Blank,tht,True
63.289088,-137.703649,-15.0,top,K48,,SW_Cherry_Choc5_MX_1.00u_PCB_3D,Blank,tht,True
82.069108,-141.19464,-15.0,top,K49,,SW_Cherry_Choc5_MX_1.00u_PCB_3D,Blank,tht,True
170.87745,-104.220657,-15.0,top,K5,,SW_Cherry_Choc5_MX_1.00u_PCB_LED_SQUAREHOLE,Blank,tht,True
101.268295,-143.170377,-15.0,top,K50,,SW_Cherry_Choc5_MX_1.00u_PCB_3D,Blank,tht,True
120.054207,-146.639428,-15.0,top,K51,,SW_Cherry_Choc5_MX_1.00u_PCB_3D,Blank,tht,True
138.079482,-153.020749,-15.0,top,K52,,SW_Cherry_Choc5_MX_1.00u_PCB_3D,Blank,tht,True
156.085944,-159.423319,-15.0,top,K53,,SW_Cherry_Choc5_MX_1.00u_PCB_3D,Blank,tht,True
251.29466,-158.131736,15.0,top,K54,,SW_Cherry_Choc5_MX_1.00u_PCB_3D,Blank,tht,True
269.303953,-151.715243,15.0,top,K55,,SW_Cherry_Choc5_MX_1.00u_PCB_3D,Blank,tht,True
287.307549,-145.326578,15.0,top,K56,,SW_Cherry_Choc5_MX_1.00u_PCB_3D,Blank,tht,True
306.105728,-141.854242,15.0,top,K57,,SW_Cherry_Choc5_MX_1.00u_PCB_3D,Blank,tht,True
325.292648,-139.881791,15.0,top,K58,,SW_Cherry_Choc5_MX_1.00u_PCB_3D,Blank,tht,True
344.0821,-136.401437,15.0,top,K59,,SW_Cherry_Choc5_MX_1.00u_PCB_3D,Blank,tht,True
236.505996,-102.915165,15.0,top,K6,,SW_Cherry_Choc5_MX_1.00u_PCB_LED_SQUAREHOLE,Blank,tht,True
176.960594,-155.157921,-15.0,top,K60,,SW_Cherry_Choc5_MX_1.00u_PCB_LED_SQUAREHOLE,Blank,tht,True
47.33996,-123.598495,-15.0,top,K60,,SW_Cherry_Choc5_MX_1.00u_PCB_3D,Blank,tht,True
77.138606,-159.595516,-15.0,top,K64,,SW_Cherry_Choc5_MX_1.00u_PCB_3D,Blank,tht,True
96.337799,-161.571261,-15.0,top,K65,,SW_Cherry_Choc5_MX_1.00u_PCB_3D,Blank,tht,True
115.123709,-165.040305,-15.0,top,K66,,SW_Cherry_Choc5_MX_1.00u_PCB_3D,Blank,tht,True
133.139575,-171.432263,-15.0,top,K67,,SW_Cherry_Choc5_MX_1.00u_PCB_3D,Blank,tht,True
151.155444,-177.824208,-15.0,top,K68,,SW_Cherry_Choc5_MX_1.00u_PCB_3D,Blank,tht,True
189.70255,-201.699496,-45.0,top,K69,,SW_Cherry_Choc5_MX_1.00u_PCB_LED_SQUAREHOLE,Blank,tht,True
171.994228,-187.173447,-30.0,top,K69,,SW_Cherry_Choc5_MX_1.00u_PCB_LED_SQUAREHOLE,Blank,tht,True
254.512441,-96.512577,15.0,top,K7,,SW_Cherry_Choc5_MX_1.00u_PCB_LED_SQUAREHOLE,Blank,tht,True
216.291672,-198.136908,45.0,top,K70,,SW_Cherry_Choc5_MX_1.00u_PCB_LED_SQUAREHOLE,Blank,tht,True
234.866811,-184.647995,30.0,top,K70,,SW_Cherry_Choc5_MX_1.00u_PCB_LED_SQUAREHOLE,Blank,tht,True
256.228012,-176.518708,15.0,top,K71,,SW_Cherry_Choc5_MX_1.00u_PCB_3D,Blank,tht,True
274.231611,-170.130046,15.0,top,K72,,SW_Cherry_Choc5_MX_1.00u_PCB_3D,Blank,tht,True
292.235209,-163.741383,15.0,top,K73,,SW_Cherry_Choc5_MX_1.00u_PCB_3D,Blank,tht,True
311.03338,-160.269031,15.0,top,K74,,SW_Cherry_Choc5_MX_1.00u_PCB_3D,Blank,tht,True
330.223154,-158.282678,15.0,top,K75,,SW_Cherry_Choc5_MX_1.00u_PCB_3D,Blank,tht,True
272.516039,-90.123923,15.0,top,K8,,SW_Cherry_Choc5_MX_1.00u_PCB_LED_SQUAREHOLE,Blank,tht,True
291.314221,-86.651583,15.0,top,K9,,SW_Cherry_Choc5_MX_1.00u_PCB_LED_SQUAREHOLE,Blank,tht,True
200.644504,-124.576049,-90.0,bottom,RESET,,PinHeader_1x02_P1.00mm_Vertical,PinHeader_1x02_P1.00mm_Vertical,tht,True
201.253757,-174.658074,90.0,top,RotEnc,,RotaryEncoder_EC11,RotaryEncoder_EC11,tht,True
171.224244,-174.245143,0.0,top,TH3,,HOLE_M2_TH,HOLE,tht,True
140.833493,-169.725437,0.0,top,TH3,,HOLE_M2_TH,HOLE,tht,True
155.637944,-114.474473,0.0,top,TH3,,HOLE_M2_TH,HOLE,tht,True
81.264407,-97.626098,0.0,top,TH3,,HOLE_M2_TH,HOLE,tht,True
66.459958,-152.87705,0.0,top,TH3,,HOLE_M2_TH,HOLE,tht,True
336.032419,-152.949819,180.0,bottom,TH3,,HOLE_M2_TH,HOLE,tht,True
246.854428,-114.547247,180.0,bottom,TH3,,HOLE_M2_TH,HOLE,tht,True
321.227965,-97.698865,180.0,bottom,TH3,,HOLE_M2_TH,HOLE,tht,True
231.268129,-174.317916,180.0,bottom,TH3,,HOLE_M2_TH,HOLE,tht,True
261.658881,-169.798205,180.0,bottom,TH3,,HOLE_M2_TH,HOLE,tht,True
201.237253,-124.438452,0.0,top,pico,,RPi_Pico_SMD_TH,,tht,True
